State,Average pre-tax personal income for known incomes(state and year level),Average pre-tax personal income for unknown incomes(year level),Year,Income rank by year,Number of reported incomes,Number of millionaires,Individuals in poverty,Percentage of poppulation who are millionaires,Poverty rate,Gini coefficient,white percentage,Black percentage,Number of people,Black people,Other percentage,Population,Violent crime rate,Property crime rates,Area,Population density
Alabama,7103.102183,58596.75562,1980,51,2861,708,1085,0.247465921,0.3792380287,0.5815772522,0.7112897588,0.2866130724,2861,820,0.002097168822,3861466,448.5,4485.1,50645,76.25
Alaska,13105.67303,58596.75562,1980,1,2126,606,470,0.285042333,0.2210724365,0.5422910957,0.7873941675,0.04515522107,2126,96,0.1674506115,440142,436,5209.7,570641,0.77
Arizona,8987.779813,58596.75562,1980,26,3163,815,949,0.2576667721,0.3000316156,0.556101381,0.9522605122,0.01928548846,3163,61,0.02845399937,2715357,650.9,7519.9,113594,23.90
Arkansas,7209.192235,58596.75562,1980,49,2805,693,966,0.2470588235,0.3443850267,0.5534495557,0.8524064171,0.1397504456,2805,392,0.007843137255,2284037,335.2,3475.9,52035,43.89
California,9920.986345,58596.75562,1980,9,15131,3633,4202,0.2401030996,0.2777080167,0.543816149,0.8696054458,0.06529641134,15131,988,0.06509814289,23532680,893.6,6939.5,155779,151.06
Colorado,10702.54599,58596.75562,1980,2,2701,646,709,0.2391706775,0.2624953721,0.5289503002,0.9585338763,0.01888189559,2701,51,0.02258422806,2878407,528.6,6804.9,103642,27.77
Connecticut,10365.41085,58596.75562,1980,5,2114,437,601,0.2067171239,0.284295175,0.5295792972,0.9271523179,0.06385998108,2114,135,0.008987701041,3095224,412.5,5469.2,4842,639.24
Delaware,9149.419852,58596.75562,1980,22,1932,441,618,0.2282608696,0.3198757764,0.557159664,0.8193581781,0.1744306418,1932,337,0.006211180124,594779,474.8,6301.8,1949,305.17
District of Columbia,10547.26366,58596.75562,1980,3,1825,361,511,0.1978082192,0.28,0.529548185,0.2915068493,0.6975342466,1825,1273,0.01095890411,635233,2010.6,8012.2,61,"10,413.66"
Florida,8052.960233,58596.75562,1980,39,5459,1159,1678,0.2123099469,0.3073823045,0.5259903008,0.8235940648,0.1626671552,5459,888,0.01373878,9567112,983.5,7418.4,53625,178.41
Georgia,8645.852431,58596.75562,1980,33,3167,802,994,0.2532365014,0.3138616988,0.5583167069,0.8004420587,0.1910325229,3167,605,0.008525418377,5400851,555.3,5048.3,57513,93.91
Hawaii,9688.855789,58596.75562,1980,12,1965,488,518,0.248346056,0.2636132316,0.5041481402,0.3256997455,0.006615776081,1965,13,0.6676844784,964680,299.5,7182.8,6423,150.19
Idaho,8504.501592,58596.75562,1980,34,2639,755,799,0.2860932171,0.3027661993,0.5506098415,0.9840848806,0.0007578628268,2639,2,0.01515725654,943629,313.4,4468.8,82643,11.42
Illinois,9990.219686,58596.75562,1980,8,6443,1536,1865,0.2383982617,0.289461431,0.5391573829,0.8454136272,0.1412385535,6443,910,0.01334781934,11355062,808,5461.1,55519,204.53
Indiana,8979.569521,58596.75562,1980,27,3430,884,1007,0.2577259475,0.2935860058,0.5259654046,0.9192419825,0.07434402332,3430,255,0.006413994169,5461103,377.8,4552.5,35826,152.43
Iowa,8994.97254,58596.75562,1980,25,2817,632,857,0.2243521477,0.3042243521,0.5307086637,0.9751508697,0.01845935392,2817,52,0.006389776358,2907804,200.4,4546.4,55857,52.06
Kansas,9255.385523,58596.75562,1980,17,2392,527,655,0.2203177258,0.2738294314,0.5110397202,0.9343645485,0.05894648829,2392,141,0.006688963211,2354783,389.3,4989.5,81759,28.80
Kentucky,7882.664352,58596.75562,1980,41,2803,643,984,0.2293970746,0.3510524438,0.5593300643,0.9140206921,0.08312522298,2803,233,0.002854084909,3641479,266.7,3167.1,39486,92.22
Louisiana,7767.397722,58596.75562,1980,43,2803,784,953,0.2797003211,0.3399928648,0.5824990083,0.7117374242,0.2839814484,2803,796,0.004281127364,4199542,665,4788.8,43204,97.20
Maine,7401.421249,58596.75562,1980,47,2393,520,800,0.2173004597,0.3343083995,0.5229444685,0.984956122,0.007104053489,2393,17,0.007939824488,1123670,193.4,4174.2,30843,36.43
Maryland,10597.47425,58596.75562,1980,19,2645,587,760,0.2219281664,0.2873345936,0.5476399006,0.7652173913,0.2143667297,2645,567,0.02041587902,4192211,852.4,5777.7,9707,431.88
Massachusetts,9298.37985,58596.75562,1980,18,3741,803,1125,0.2146484897,0.3007217322,0.5330493241,0.9465383587,0.03875968992,3741,145,0.01470195135,5728288,601.3,5477.8,7800,734.40
Michigan,9680.22605,58596.75562,1980,11,5672,1434,1681,0.2528208745,0.2963681241,0.5422601955,0.8712976023,0.1130112835,5672,641,0.01569111425,9228128,639.5,6036.4,56539,163.22
Minnesota,9252.214253,58596.75562,1980,20,2825,664,843,0.2350442478,0.2984070796,0.5358530475,0.9734513274,0.01061946903,2825,30,0.01592920354,4061235,227.8,4571.7,79627,51.00
Mississippi,7226.312531,58596.75562,1980,50,2681,694,956,0.2588586348,0.3565833644,0.5654586537,0.684073107,0.3121969414,2681,837,0.003729951511,2511491,341.9,3075.2,46923,53.52
Missouri,8811.214377,58596.75562,1980,28,3038,687,915,0.2261356155,0.3011849901,0.5323997763,0.8808426596,0.1082949309,3038,329,0.01086240948,4901288,554.5,4878.6,68742,71.30
"Montana
",8606.240277,58596.75562,1980,31,2485,608,749,0.244668008,0.3014084507,0.5488180817,0.9303822938,0.002414486922,2485,6,0.06720321932,781592,222.6,4801.9,145546,5.37
Nebraska,8425.778006,58596.75562,1980,36,2497,551,784,0.2206647978,0.3139767721,0.5377963924,0.9651581898,0.03043652383,2497,76,0.004405286344,1563921,224.6,4080.6,76824,20.36
Nevada,10078.68459,58596.75562,1980,7,2848,654,767,0.2296348315,0.2693117978,0.5213388683,0.9048455056,0.06425561798,2848,183,0.0308988764,800312,912.6,7941.4,109781,7.29
New Hampshire,9368.715003,58596.75562,1980,16,2048,455,552,0.2221679688,0.26953125,0.5029572213,0.9916992188,0.0029296875,2048,6,0.00537109375,919114,179.8,4499.8,8953,102.66
New Jersey,9609.46789,58596.75562,1980,13,4370,991,1311,0.2267734554,0.3,0.5482309046,0.8828375286,0.1057208238,4370,462,0.0114416476,7342164,604.4,5797,7354,998.39
New Mexico,7692.584019,58596.75562,1980,45,3604,1051,1216,0.2916204218,0.3374028857,0.5823721787,0.9139844617,0.01970033296,3604,71,0.06631520533,1295474,615,5364.1,121298,10.68
New York,8830.19959,58596.75562,1980,29,10829,2542,3438,0.2347400499,0.3174808385,0.5561247802,0.8404284791,0.1375011543,10829,1489,0.02207036661,17506690,1029.5,5882,47126,371.49
North Carolina,8105.809465,58596.75562,1980,38,3222,813,997,0.2523277467,0.3094351335,0.5393383352,0.7650527623,0.2147734327,3222,692,0.02017380509,5843665,455,4185.5,48618,120.20
North Dakota,8292.868944,58596.75562,1980,37,2616,655,811,0.250382263,0.3100152905,0.5517929956,0.9403669725,0.004204892966,2616,11,0.05542813456,652437,54,2909.7,69001,9.46
Ohio,9413.465657,58596.75562,1980,15,6170,1482,1875,0.2401944895,0.3038897893,0.548531341,0.9071312804,0.08654781199,6170,534,0.006320907618,10766808,498.3,4933.1,40861,263.50
Oklahoma,8448.413944,58596.75562,1980,35,2642,591,858,0.2236941711,0.3247539743,0.5601895865,0.8716881151,0.06775170326,2642,179,0.06056018168,3001252,419.5,4633.4,68595,43.75
Oregon,9228.632483,58596.75562,1980,21,2799,644,820,0.2300821722,0.2929617721,0.5267874959,0.9585566274,0.0146480886,2799,41,0.02679528403,2610477,490.4,6196.5,95988,27.20
Pennsylvania,8775.79219,58596.75562,1980,30,6714,1464,2106,0.218051832,0.3136729223,0.5412666027,0.900357462,0.09219541257,6714,619,0.00744712541,11824220,363.9,3372.4,44743,264.27
Rhode Island,9093.381928,58596.75562,1980,23,2096,436,613,0.2080152672,0.2924618321,0.5086254008,0.9623091603,0.0286259542,2096,60,0.009064885496,945835,408.5,5524.1,1034,914.73
South Carolina,7420.082418,58596.75562,1980,46,2159,521,760,0.2413154238,0.3520148217,0.5656709883,0.7142195461,0.2723483094,2159,588,0.01343214451,3064557,660,4779.2,30061,101.94
South Dakota,7827.991255,58596.75562,1980,42,2673,729,828,0.2727272727,0.3097643098,0.5442290735,0.9319117097,0.001122334456,2673,3,0.06696595585,688217,126.8,3116.3,75811,9.08
Tennessee,7785.475027,58596.75562,1980,44,2413,571,826,0.2366348943,0.3423124741,0.5525814375,0.8433485288,0.1487774554,2413,359,0.007874015748,4545590,458.1,4039.8,41235,110.24
Texas,8644.278352,58596.75562,1980,32,8964,2386,2865,0.2661758144,0.3196117805,0.5664505278,0.8932396252,0.09995537706,8964,896,0.006804997769,14169829,550.3,5592.7,261232,54.24
Utah,9089.374946,58596.75562,1980,24,3448,1141,915,0.3309164733,0.2653712297,0.5333642996,0.9646171694,0.003480278422,3448,12,0.0319025522,1458729,303.3,5577.3,82170,17.75
Vermont,8003.52578,58596.75562,1980,40,2106,535,628,0.2540360874,0.2981956315,0.5238507873,0.9938271605,0.0009496676163,2106,2,0.00522317189,511299,178.8,4809.7,9217,55.47
Virginia,9781.84158,58596.75562,1980,10,2841,638,853,0.2245688138,0.3002463921,0.543790876,0.8004223865,0.1914818726,2841,544,0.008095740936,5323412,307.2,4312.8,39490,134.80
Washington,10392.64089,58596.75562,1980,4,2779,710,745,0.2554875855,0.2680820439,0.5288808618,0.9219143577,0.02338970853,2779,65,0.05469593379,4113331,464.3,6450.7,66456,61.90
West Virginia,7437.615156,58596.75562,1980,48,2659,640,965,0.2406919895,0.3629183904,0.5747308042,0.9691613388,0.02858217375,2659,76,0.002256487401,1930787,183.7,2367.9,24038,80.32
Wisconsin,9473.160599,58596.75562,1980,14,2620,615,754,0.2347328244,0.2877862595,0.5282857861,0.9515267176,0.04312977099,2620,113,0.00534351145,4680917,182.6,4616,54158,86.43
Wyoming,10333.15672,58596.75562,1980,6,2315,573,592,0.2475161987,0.2557235421,0.5224630431,0.9745140389,0.004319654428,2315,10,0.0211663067,468954,392.6,4593.8,97093,4.83
Alabama,8028.480483,62366.61642,1981,47,2846,694,1036,0.243851019,0.3640196767,0.5694872077,0.7350667604,0.2645818693,2846,753,0.0003513703443,3916000,470.5,4428.3,50645,77.32
Alaska,14112.34201,62366.61642,1981,1,2148,572,525,0.2662942272,0.2444134078,0.5599514211,0.7839851024,0.02746741155,2148,59,0.188547486,412000,615.8,5979.1,570641,0.72
Arizona,9950.062078,62366.61642,1981,23,3005,782,882,0.2602329451,0.2935108153,0.5397868212,0.9537437604,0.02296173045,3005,69,0.02329450915,2793000,575.8,7038.1,113594,24.59
Arkansas,7603.554605,62366.61642,1981,50,2619,632,928,0.2413134784,0.3543337152,0.5545676706,0.855288278,0.1324933181,2619,347,0.01221840397,2294000,310.3,3486.1,52035,44.09
California,10779.84873,62366.61642,1981,7,15853,3881,4304,0.2448117076,0.2714943544,0.5385025582,0.8622342774,0.06749511134,15853,1070,0.07027061124,24159000,863,6727.5,155779,155.09
Colorado,10932.63061,62366.61642,1981,4,2757,686,769,0.2488211824,0.2789263692,0.5369800227,0.9644541168,0.02285092492,2757,63,0.01269495829,2963000,531.7,6821.4,103642,28.59
Connecticut,10907.80177,62366.61642,1981,5,2019,440,523,0.2179296682,0.2590391283,0.510817206,0.9316493314,0.06785537395,2019,137,0.0004952947003,3132000,448.1,5389.2,4842,646.84
Delaware,10258.44504,62366.61642,1981,16,1921,429,595,0.2233211869,0.3097345133,0.5458096189,0.8370640292,0.1535658511,1921,295,0.009370119729,598000,509,6180.3,1949,306.82
District of Columbia,10833.88219,62366.61642,1981,6,1841,381,559,0.2069527431,0.3036393265,0.5399069666,0.2770233569,0.7017925041,1841,1292,0.02118413905,636000,2274.8,8402.8,61,"10,426.23"
Florida,8823.785747,62366.61642,1981,41,5503,1125,1793,0.2044339451,0.3258222788,0.5349706127,0.8357259677,0.1548246411,5503,852,0.009449391241,10166000,965.1,7067.4,53625,189.58
Georgia,9548.41189,62366.61642,1981,30,3056,701,968,0.2293848168,0.3167539267,0.550630216,0.7866492147,0.2054973822,3056,628,0.007853403141,5569000,548.2,5080.4,57513,96.83
Hawaii,10506.25322,62366.61642,1981,10,2069,517,545,0.2498791687,0.2634122765,0.5084990232,0.311261479,0.009666505558,2069,20,0.6790720155,979000,247.6,6295.8,6423,152.42
Idaho,8975.685003,62366.61642,1981,38,2408,681,691,0.282807309,0.2869601329,0.5352830039,0.9879568106,0.0008305647841,2408,2,0.01121262458,959000,283.3,4247.4,82643,11.60
Illinois,10737.14662,62366.61642,1981,8,6433,1536,1870,0.2387688481,0.2906886367,0.5369931213,0.8437742888,0.1433234883,6433,922,0.01290222291,11455000,792.5,5323.2,55519,206.33
Indiana,9253.690213,62366.61642,1981,33,3377,843,1033,0.249629849,0.3058928043,0.5317103301,0.9271542789,0.06721942553,3377,227,0.005626295529,5466000,341.6,4198.2,35826,152.57
Iowa,9710.204753,62366.61642,1981,27,2876,688,869,0.2392211405,0.3021557719,0.5326469996,0.9697496523,0.0173852573,2876,50,0.0128650904,2897000,204.2,4512.4,55857,51.86
Kansas,9904.647769,62366.61642,1981,21,2429,524,718,0.2157266365,0.295594895,0.5195449304,0.924248662,0.06628242075,2429,161,0.00946891725,2381000,369.4,5034.9,81759,29.12
Kentucky,8591.2868,62366.61642,1981,42,2790,684,938,0.2451612903,0.3362007168,0.5588676562,0.9225806452,0.07419354839,2790,207,0.003225806452,3661000,289.5,3242,39486,92.72
Louisiana,8834.204414,62366.61642,1981,40,2635,732,875,0.2777988615,0.3320683112,0.5768472041,0.7134724858,0.280455408,2635,739,0.006072106262,4305000,638.3,4629.4,43204,99.64
Maine,8284.538711,62366.61642,1981,46,2373,526,752,0.2216603456,0.3168984408,0.5181072945,0.98820059,0.002949852507,2373,7,0.008849557522,1132000,195.6,4047.7,30843,36.70
Maryland,11417.79836,62366.61642,1981,19,2647,579,792,0.2187381942,0.299206649,0.5486831155,0.7721949377,0.2066490366,2647,547,0.02115602569,4261000,887.1,5670.6,9707,438.96
Massachusetts,10243.3666,62366.61642,1981,18,3706,820,1107,0.2212628171,0.298704803,0.5320403884,0.953588775,0.03237992445,3706,120,0.01403130059,5770000,628.6,5206.7,7800,739.74
Michigan,10151.62606,62366.61642,1981,20,5631,1395,1736,0.2477357485,0.308293376,0.546569739,0.8753329782,0.1099271888,5631,619,0.01473983307,9201000,641.9,6212.2,56539,162.74
Minnesota,9882.115349,62366.61642,1981,22,2772,622,807,0.2243867244,0.2911255411,0.5266919175,0.9671717172,0.01298701299,2772,36,0.01984126984,4090000,228.5,4508.2,79627,51.36
Mississippi,7371.368951,62366.61642,1981,51,2813,726,1048,0.2580874511,0.37255599,0.5797153858,0.6807678635,0.3135442588,2813,882,0.005687877711,2530000,304.6,3232.8,46923,53.92
Missouri,9173.750421,62366.61642,1981,35,3029,653,977,0.2155827006,0.3225486959,0.5421193292,0.8969957082,0.09475074282,3029,287,0.008253549026,4938000,540.2,4811.2,68742,71.83
"Montana
",9791.510917,62366.61642,1981,24,2439,607,703,0.2488724887,0.2882328823,0.5408257325,0.942599426,0.0008200082001,2439,2,0.05658056581,792000,253,4765.9,145546,5.44
Nebraska,9272.856206,62366.61642,1981,31,2593,611,801,0.2356344003,0.3089086001,0.5458117103,0.953721558,0.03933667567,2593,102,0.006941766294,1576000,181.5,3996,76824,20.51
Nevada,11039.21508,62366.61642,1981,3,2975,720,725,0.2420168067,0.243697479,0.5106653753,0.8857142857,0.07731092437,2975,230,0.03697478992,845000,896.4,7695.5,109781,7.70
New Hampshire,10431.8106,62366.61642,1981,12,1941,431,518,0.2220504894,0.266872746,0.5061435268,0.9922720247,0.002060793405,1941,4,0.005667181865,935000,147.1,4174.8,8953,104.43
New Jersey,10280.34517,62366.61642,1981,14,4647,1043,1414,0.2244458791,0.3042823327,0.545534191,0.8803529159,0.1030772541,4647,479,0.01656983,7401000,630.6,5549.2,7354,"1,006.39"
New Mexico,8358.162013,62366.61642,1981,45,3516,973,1187,0.2767349261,0.3375995449,0.5762625653,0.8953356086,0.0204778157,3516,72,0.08418657565,1327000,671.7,5528.9,121298,10.94
New York,9613.832549,62366.61642,1981,28,10445,2371,3392,0.2269985639,0.3247486836,0.5541739287,0.8437529919,0.1366203925,10445,1427,0.01962661561,17594000,1069.6,5835.8,47126,373.34
North Carolina,8933.142114,62366.61642,1981,39,3008,700,924,0.232712766,0.3071808511,0.5376731384,0.7636303191,0.2127659574,3008,640,0.0236037234,5951000,436.7,4083.5,48618,122.40
North Dakota,8991.707086,62366.61642,1981,34,2657,653,841,0.2457659014,0.3165223937,NULL,0.9465562665,0.00564546481,2657,15,0.04779826872,658000,67.5,2923.6,69001,9.54
Ohio,10244.64776,62366.61642,1981,17,6300,1488,1883,0.2361904762,0.2988888889,0.5358546929,0.8919047619,0.103015873,6300,649,0.005079365079,10776000,496.6,4950.8,40861,263.72
Oklahoma,9726.736104,62366.61642,1981,26,2657,588,817,0.2213022205,0.30748965,0.5495704957,0.8611215657,0.06285284155,2657,167,0.07602559277,3098000,426.8,4410.5,68595,45.16
Oregon,10265.01988,62366.61642,1981,13,2776,663,793,0.238832853,0.2856628242,0.5271457087,0.9668587896,0.01080691643,2776,30,0.02233429395,2647000,478.7,6558.2,95988,27.58
Pennsylvania,9564.35083,62366.61642,1981,29,6575,1393,2070,0.2118631179,0.3148288973,0.5321926417,0.903269962,0.09003802281,6575,592,0.006692015209,11864000,371.7,3311.5,44743,265.16
Rhode Island,9175.936567,62366.61642,1981,36,2019,411,601,0.2035661218,0.2976721149,0.4836406432,0.9623576028,0.02625061912,2019,53,0.01139177811,952000,441.7,5410.1,1034,920.70
South Carolina,7986.289359,62366.61642,1981,48,2146,539,697,0.2511649581,0.3247903075,0.5442216705,0.6756756757,0.3084808947,2146,662,0.01584342964,3166000,640.4,4678.7,30061,105.32
South Dakota,8333.408519,62366.61642,1981,43,2756,690,886,0.2503628447,0.3214804064,0.5547090099,0.9096516691,0.001814223512,2756,5,0.0885341074,685000,104.8,2908.3,75811,9.04
Tennessee,8480.713326,62366.61642,1981,44,2311,525,791,0.2271743834,0.342276071,0.549072983,0.8251839031,0.1678926871,2311,388,0.006923409779,4610000,412.6,3898.9,41235,111.80
Texas,9312.448316,62366.61642,1981,32,9330,2529,2848,0.2710610932,0.3052518757,0.5561703878,0.8879957128,0.1009646302,9330,942,0.01103965702,14755000,532.4,5517.9,261232,56.48
Utah,9892.561983,62366.61642,1981,25,3608,1188,1004,0.3292682927,0.27827051,0.5537899876,0.9634146341,0.00110864745,3608,4,0.0354767184,1516000,298.6,5451.4,82170,18.45
Vermont,9106.715033,62366.61642,1981,37,2019,489,579,0.2421991085,0.2867756315,0.5062801369,0.9940564636,0.0004952947003,2019,1,0.005448241704,515000,128,4932.8,9217,55.88
Virginia,10476.06456,62366.61642,1981,11,2927,650,867,0.2220703792,0.2962077212,0.5386420533,0.7816877349,0.2012299283,2927,589,0.01708233686,5426000,321.7,4349.1,39490,137.40
Washington,10595.2723,62366.61642,1981,9,2750,642,813,0.2334545455,0.2956363636,0.5408275202,0.9141818182,0.02363636364,2750,65,0.06218181818,4212000,447.3,6294.8,66456,63.38
West Virginia,7910.243756,62366.61642,1981,49,2649,647,944,0.2442431106,0.3563608909,0.5682218632,0.9724424311,0.02491506229,2649,66,0.002642506606,1951000,174.8,2443.9,24038,81.16
Wisconsin,10265.711,62366.61642,1981,15,2585,630,701,0.2437137331,0.2711798839,0.5101909431,0.9562862669,0.03752417795,2585,97,0.006189555126,4739000,187.9,4579,54158,87.50
Wyoming,10955.23133,62366.61642,1981,2,2173,526,567,0.2420616659,0.2609295904,0.5290878651,0.9723884031,0.006442705936,2173,14,0.02116889093,492000,430.1,4701.8,97093,5.07
Alabama,8724.402713,63227.59936,1982,48,2541,624,924,0.2455726092,0.3636363636,0.585430019,0.7701692247,0.225501771,2541,573,0.004329004329,3943000,447.7,4185.8,50645,77.86
Alaska,15179.23836,63227.59936,1982,1,2222,611,505,0.2749774977,0.2272727273,0.5374004231,0.801980198,0.0301530153,2222,67,0.1678667867,438000,623.7,5588.8,570641,0.77
Arizona,10439.13976,63227.59936,1982,30,2372,576,705,0.2428330523,0.2972175379,0.5511525895,0.9494097808,0.01770657673,2372,42,0.0328836425,2860000,517,6614,113594,25.18
Arkansas,8107.954402,63227.59936,1982,51,2052,473,728,0.2305068226,0.3547758285,0.5656396299,0.8494152047,0.1384015595,2052,284,0.01218323587,2291000,324.7,3546.9,52035,44.03
California,11705.71651,63227.59936,1982,9,15602,3806,4121,0.2439430842,0.2641328035,0.5394745731,0.8642481733,0.07043968722,15602,1099,0.06531213947,24724000,814.7,6470.7,155779,158.71
Colorado,12276.24049,63227.59936,1982,6,2870,741,767,0.2581881533,0.2672473868,0.5412858825,0.9599303136,0.02578397213,2870,74,0.01428571429,3045000,504.2,6575.7,103642,29.38
Connecticut,12803.65015,63227.59936,1982,3,1690,358,400,0.2118343195,0.2366863905,0.5056764301,0.9360946746,0.06035502959,1690,102,0.003550295858,3153000,399.5,5028,4842,651.18
Delaware,11242.04518,63227.59936,1982,15,1476,325,439,0.2201897019,0.2974254743,0.5445820394,0.8177506775,0.1754742547,1476,259,0.006775067751,602000,559.8,5825.1,1949,308.88
District of Columbia,12546.37054,63227.59936,1982,4,1355,235,414,0.1734317343,0.3055350554,0.5618347715,0.2870848708,0.695202952,1355,942,0.01771217712,631000,2123.1,8287.6,61,"10,344.26"
Florida,10024.93759,63227.59936,1982,36,5461,1087,1707,0.1990477934,0.3125801135,0.546104907,0.8357443692,0.1552829152,5461,848,0.00897271562,10416000,896.8,6568.4,53625,194.24
Georgia,10421.47913,63227.59936,1982,31,2863,659,865,0.2301781348,0.3021306322,0.5444846335,0.782396088,0.2106182326,2863,603,0.006985679357,5639000,478.2,4736.6,57513,98.05
Hawaii,11103.16353,63227.59936,1982,16,1771,444,462,0.2507058159,0.2608695652,0.5133991988,0.3111236589,0.01355166573,1771,24,0.6753246753,994000,255.7,6328.6,6423,154.76
Idaho,9856.222222,63227.59936,1982,37,1867,553,516,0.2961971077,0.276379218,0.5407887151,0.9785752544,0.001071237279,1867,2,0.0203535083,965000,259.2,3824,82643,11.68
Illinois,11809.78077,63227.59936,1982,8,6109,1438,1709,0.2353904076,0.2797511868,0.5399352836,0.8433458831,0.1355377312,6109,828,0.02111638566,11448000,774.3,5066,55519,206.20
Indiana,9806.028092,63227.59936,1982,38,3153,768,984,0.2435775452,0.3120837298,0.5488262243,0.9292737076,0.06850618459,3153,216,0.002220107834,5471000,300.6,4128.9,35826,152.71
Iowa,10570.9361,63227.59936,1982,28,2482,557,726,0.2244157937,0.2925060435,0.5505726423,0.9701853344,0.017727639,2482,44,0.01208702659,2905000,172.7,3963.8,55857,52.01
Kansas,10837.66413,63227.59936,1982,20,1866,422,530,0.2261521972,0.2840300107,0.5219389459,0.924437299,0.06055734191,1866,113,0.01500535906,2408000,335.9,4616.1,81759,29.45
Kentucky,9286.451556,63227.59936,1982,42,2243,540,759,0.2407489969,0.3383860901,0.5695282935,0.9242086491,0.07534551939,2243,169,0.0004458314757,3667000,315,3253.4,39486,92.87
Louisiana,9778.894389,63227.59936,1982,39,2484,666,832,0.268115942,0.3349436393,0.5800974074,0.6831723027,0.3140096618,2484,780,0.002818035427,4362000,669.1,4642.1,43204,100.96
Maine,8827.883202,63227.59936,1982,46,1991,467,626,0.2345554997,0.3144148669,0.5187990356,0.9914615771,0.003515821195,1991,7,0.005022601708,1133000,163,3696.7,30843,36.73
Maryland,12480.41289,63227.59936,1982,5,2619,524,787,0.200076365,0.3004963727,0.5631903306,0.781596029,0.1981672394,2619,519,0.02023673158,4265000,850,5162.3,9707,439.37
Massachusetts,11271.47903,63227.59936,1982,14,3581,767,1005,0.2141859816,0.2806478637,0.5173544476,0.9609047752,0.03015917342,3581,108,0.008936051382,5781000,571.4,4932.4,7800,741.15
Michigan,10877.48523,63227.59936,1982,19,5206,1245,1585,0.2391471379,0.3044563965,0.5443405441,0.8703419132,0.1164041491,5206,606,0.01325393776,9109000,656.6,6128,56539,161.11
Minnesota,10591.52782,63227.59936,1982,27,2734,631,780,0.2307973665,0.2852962692,0.5272217822,0.9795171909,0.008412582297,2734,23,0.01207022677,4133000,219.3,4235.4,79627,51.90
Mississippi,8455.984733,63227.59936,1982,49,2268,565,821,0.2491181658,0.3619929453,0.5898073857,0.6503527337,0.3465608466,2268,786,0.003086419753,2551000,294.6,3278,46923,54.37
Missouri,10504.48772,63227.59936,1982,29,2859,620,851,0.2168590416,0.2976565233,0.5464011663,0.9048618398,0.09129066107,2859,261,0.003847499126,4951000,506.5,4441.3,68742,72.02
"Montana
",10591.65272,63227.59936,1982,26,2129,551,612,0.2588069516,0.2874589009,0.5504187117,0.9159229685,0,2129,0,0.08407703147,801000,224.8,4108.4,145546,5.50
Nebraska,10063.08455,63227.59936,1982,35,2194,550,635,0.2506836828,0.2894257065,0.5528056059,0.9676390155,0.02643573382,2194,58,0.005925250684,1586000,229.6,3721.2,76824,20.64
Nevada,12182.0733,63227.59936,1982,7,1790,453,424,0.2530726257,0.2368715084,0.5055127241,0.8994413408,0.05139664804,1790,92,0.04916201117,881000,805.4,7095.6,109781,8.03
New Hampshire,11407.25818,63227.59936,1982,13,1490,328,412,0.2201342282,0.2765100671,0.5234794704,0.9939597315,0.004026845638,1490,6,0.002013422819,951000,124.8,3704.4,8953,106.22
New Jersey,11463.308,63227.59936,1982,12,4492,953,1313,0.2121549421,0.2922974176,0.5431522325,0.8706589492,0.1037399822,4492,466,0.02560106857,7438000,607.4,5068.8,7354,"1,011.42"
New Mexico,9767.654599,63227.59936,1982,40,2296,611,754,0.2661149826,0.3283972125,0.5937288699,0.8601916376,0.02264808362,2296,52,0.1171602787,1359000,734.5,5873.1,121298,11.20
New York,10397.11058,63227.59936,1982,32,10015,2238,3209,0.2234648028,0.3204193709,0.5589514289,0.8411382926,0.1340988517,10015,1343,0.02476285572,17659000,990.1,5478.1,47126,374.72
North Carolina,9234.843034,63227.59936,1982,43,2706,610,866,0.2254249815,0.3200295639,0.5308569524,0.7649667406,0.2039911308,2706,552,0.0310421286,6019000,446.3,4096.9,48618,123.80
North Dakota,10626.90565,63227.59936,1982,25,2010,452,604,0.2248756219,0.3004975124,0.5675334194,0.9537313433,0.007462686567,2010,15,0.03880597015,670000,61.8,2586.3,69001,9.71
Ohio,11035.91727,63227.59936,1982,17,6021,1428,1780,0.2371699053,0.2956319548,0.5441467955,0.886231523,0.1054642086,6021,635,0.008304268394,10791000,436.7,4498.8,40861,264.09
Oklahoma,10744.75099,63227.59936,1982,22,2284,513,697,0.2246059545,0.3051663748,0.5564147693,0.8922942207,0.05253940455,2284,120,0.05516637478,3177000,443.9,4778.5,68595,46.32
Oregon,10753.03961,63227.59936,1982,21,2190,549,617,0.2506849315,0.2817351598,0.5376769182,0.9566210046,0.02054794521,2190,45,0.02283105023,2649000,473,6094.5,95988,27.60
Pennsylvania,10264.0905,63227.59936,1982,33,6401,1340,1988,0.2093422903,0.3105764724,0.5365605413,0.9011092017,0.09232932354,6401,591,0.00656147477,11865000,360.4,3092.3,44743,265.18
Rhode Island,9677.710304,63227.59936,1982,41,1493,309,428,0.2069658406,0.2866711319,0.4816931989,0.9531145345,0.0395177495,1493,59,0.007367716008,958000,401.8,4962.3,1034,926.50
South Carolina,8749.261119,63227.59936,1982,47,1920,526,598,0.2739583333,0.3114583333,0.5336564004,0.6885416667,0.2973958333,1920,571,0.0140625,3203000,720,4641.2,30061,106.55
South Dakota,8829.006459,63227.59936,1982,45,2484,626,798,0.2520128824,0.3212560386,0.5661609224,0.923510467,0.001610305958,2484,4,0.07487922705,691000,99,2545.9,75811,9.11
Tennessee,8964.89122,63227.59936,1982,44,2325,514,812,0.2210752688,0.3492473118,0.5622304018,0.7922580645,0.2068817204,2325,481,0.0008602150538,4651000,421.1,3992.5,41235,112.79
Texas,10744.30648,63227.59936,1982,23,9235,2507,2698,0.2714672442,0.2921494315,0.5644839496,0.8913914456,0.0918245804,9235,848,0.01678397401,15280000,577.1,5725.1,261232,58.49
Utah,10648.60538,63227.59936,1982,24,2663,879,719,0.3300788584,0.2699962448,0.5562632503,0.9575666541,0.002628614345,2663,7,0.03980473151,1554000,285.7,5048.3,82170,18.91
Vermont,10136.41738,63227.59936,1982,34,1567,405,424,0.2584556477,0.2705807275,0.5164470414,0.9936183791,0.00191448628,1567,3,0.004467134652,516000,126.9,4564.9,9217,55.98
Virginia,11612.30961,63227.59936,1982,11,2871,623,872,0.2169975618,0.3037269244,0.5478289419,0.7791710206,0.2041100662,2871,586,0.01671891327,5491000,309.1,3946.7,39490,139.05
Washington,11693.49274,63227.59936,1982,10,2322,532,646,0.2291128338,0.278208441,0.5340895447,0.9155900086,0.02971576227,2322,69,0.05469422911,4245000,406.4,5875.8,66456,63.88
West Virginia,8381.625914,63227.59936,1982,50,2046,541,706,0.2644183773,0.3450635386,0.5576199329,0.9755620723,0.02346041056,2046,48,0.0009775171065,1948000,174.8,2336.4,24038,81.04
Wisconsin,10984.98605,63227.59936,1982,18,2535,600,721,0.2366863905,0.284418146,0.5292944501,0.9534516765,0.03944773176,2535,100,0.007100591716,4765000,190.5,4248.6,54158,87.98
Wyoming,13106.93931,63227.59936,1982,2,1487,383,348,0.2575655683,0.2340282448,0.5098921181,0.9757901816,0.006052454607,1487,9,0.01815736382,502000,304.2,4499.8,97093,5.17
Alabama,9443.918823,71485.31465,1983,47,2597,626,923,0.2410473623,0.3554100886,0.5756321822,0.7839815171,0.2106276473,2597,547,0.00539083558,3959000,416,3685,50645,78.17
Alaska,15664.35727,71485.31465,1983,1,2397,656,547,0.2736754276,0.2282019191,0.5399642883,0.7713808928,0.03671255736,2397,88,0.1919065499,479000,613.8,5404.8,570641,0.84
Arizona,11276.08451,71485.31465,1983,22,2229,525,653,0.2355316285,0.2929564827,0.5511209165,0.9524450426,0.02377747869,2229,53,0.02377747869,2963000,494.2,5897.4,113594,26.08
Arkansas,8798.376592,71485.31465,1983,50,2127,478,776,0.2247296662,0.3648330983,0.577722318,0.8415608839,0.1490362012,2127,317,0.009402914904,2328000,297.7,3202.9,52035,44.74
California,12424.47362,71485.31465,1983,11,15533,3743,4229,0.2409708363,0.2722590614,0.5550764021,0.8581729222,0.07261958411,15533,1128,0.06920749372,25174000,772.6,5904.9,155779,161.60
Colorado,12897.32963,71485.31465,1983,6,2890,727,768,0.2515570934,0.2657439446,0.5363357995,0.9460207612,0.03183391003,2890,92,0.02214532872,3139000,476.4,6150.7,103642,30.29
Connecticut,13904.34373,71485.31465,1983,2,1706,359,424,0.2104337632,0.2485345838,0.5241476871,0.9126611958,0.07796014068,1706,133,0.00937866354,3138000,375,4602.8,4842,648.08
Delaware,12523.05616,71485.31465,1983,9,1558,365,427,0.2342747112,0.2740693196,0.5369688104,0.8093709884,0.1803594352,1558,281,0.01026957638,606000,453.1,5012.9,1949,310.93
District of Columbia,13301.19536,71485.31465,1983,3,1352,231,407,0.1708579882,0.301035503,0.5598934886,0.2884615385,0.6960059172,1352,941,0.01553254438,623000,1915.4,7358.4,61,"10,213.11"
Florida,10477.45315,71485.31465,1983,36,5548,1108,1750,0.1997116078,0.3154289834,0.539979214,0.8478731074,0.1416726748,5548,786,0.01045421774,10680000,826.7,5954.4,53625,199.16
Georgia,10938.25257,71485.31465,1983,29,3034,698,950,0.2300593276,0.313117996,0.5581936835,0.7574159525,0.2363216875,3034,717,0.006262359921,5732000,456.7,4048.5,57513,99.66
Hawaii,11679.52129,71485.31465,1983,19,1836,474,466,0.2581699346,0.2538126362,0.5059891868,0.3191721133,0.01906318083,1836,35,0.6617647059,1023000,252.1,5557.5,6423,159.27
Idaho,9932.910184,71485.31465,1983,42,1984,570,568,0.2872983871,0.2862903226,0.5495416937,0.9737903226,0.004536290323,1984,9,0.0216733871,989000,238.7,3627.1,82643,11.97
Illinois,12737.60388,71485.31465,1983,8,5771,1338,1622,0.2318488997,0.2810604748,0.5417973715,0.8523652746,0.1249350199,5771,721,0.02269970542,11486000,728.1,4813.3,55519,206.88
Indiana,10489.99175,71485.31465,1983,35,3028,724,888,0.2391017173,0.2932628798,0.5369954937,0.9240422721,0.07034346103,3028,213,0.005614266843,5479000,283.8,3846,35826,152.93
Iowa,10604.52358,71485.31465,1983,31,2415,507,742,0.2099378882,0.3072463768,0.5497557141,0.9772256729,0.01863354037,2415,45,0.004140786749,2905000,181.1,3737.9,55857,52.01
Kansas,11616.88741,71485.31465,1983,18,1863,433,525,0.2324208266,0.2818035427,0.5246399132,0.9323671498,0.05475040258,1863,102,0.01288244767,2425000,326.6,4203.2,81759,29.66
Kentucky,10257.96061,71485.31465,1983,40,2236,535,708,0.2392665474,0.3166368515,0.556610243,0.9114490161,0.08407871199,2236,188,0.004472271914,3714000,322.2,3112.6,39486,94.06
Louisiana,10285.52141,71485.31465,1983,38,2353,625,806,0.2656183595,0.3425414365,0.5945060756,0.7063323417,0.2885677858,2353,679,0.005099872503,4438000,640.9,4385.7,43204,102.72
Maine,10041.3687,71485.31465,1983,43,1956,467,564,0.2387525562,0.2883435583,0.5178593618,0.9877300613,0.003578732106,1956,7,0.008691206544,1146000,159.6,3521.6,30843,37.16
Maryland,13608.36981,71485.31465,1983,13,2691,571,795,0.2121887774,0.2954292085,0.562910726,0.773318469,0.2088442958,2691,562,0.01783723523,4304000,807.1,4549.9,9707,443.39
Massachusetts,11961.793,71485.31465,1983,12,3703,790,1041,0.2133405347,0.2811234134,0.5257449749,0.9621928166,0.02997569538,3703,111,0.007831487983,5767000,576.8,4434,7800,739.36
Michigan,11180.18403,71485.31465,1983,26,5231,1286,1611,0.2458420952,0.3079717071,0.5580898682,0.8822404894,0.1036130759,5231,542,0.01414643472,9069000,716.7,5760.8,56539,160.40
Minnesota,11375.72127,71485.31465,1983,20,2833,684,798,0.2414401694,0.2816801977,0.5446986164,0.9756441934,0.006706671373,2833,19,0.01764913519,4144000,190.9,3843.3,79627,52.04
Mississippi,9249.357882,71485.31465,1983,48,2202,559,768,0.2538601272,0.348773842,0.5808393843,0.6698455949,0.3283378747,2202,723,0.001816530427,2587000,280.4,2927.7,46923,55.13
Missouri,10884.65549,71485.31465,1983,28,2877,610,883,0.2120264164,0.3069169274,0.545056481,0.9005908933,0.09419534237,2877,271,0.005213764338,4970000,477.2,4052.7,68742,72.30
"Montana
",10072.20161,71485.31465,1983,37,2135,518,664,0.2426229508,0.3110070258,0.5781380504,0.9199063232,0.0018735363,2135,4,0.07822014052,817000,212.6,4431.8,145546,5.61
Nebraska,10907.40786,71485.31465,1983,27,2061,509,566,0.2469674915,0.2746239689,0.5268612439,0.9645803008,0.0281416788,2061,58,0.007278020378,1597000,217.7,3569.9,76824,20.79
Nevada,13010.27553,71485.31465,1983,4,1620,386,382,0.2382716049,0.2358024691,0.5030798147,0.9117283951,0.05061728395,1620,82,0.03765432099,891000,655.2,6046.1,109781,8.12
New Hampshire,11255.64207,71485.31465,1983,24,1512,333,426,0.2202380952,0.2817460317,0.520396304,0.9953703704,0.0006613756614,1512,1,0.003968253968,959000,125.1,3231.2,8953,107.11
New Jersey,11936.8296,71485.31465,1983,14,4307,915,1302,0.2124448572,0.3022985837,0.5529090233,0.8736939865,0.1056419782,4307,455,0.02066403529,7468000,553.1,4610.3,7354,"1,015.50"
New Mexico,10254.70511,71485.31465,1983,39,2476,655,833,0.26453958,0.3364297254,0.5859395104,0.8768174475,0.02059773829,2476,51,0.1025848142,1399000,686.8,5659.4,121298,11.53
New York,10921.534,71485.31465,1983,30,10201,2274,3269,0.2229193216,0.3204587786,0.5609801589,0.8380550926,0.1342025292,10201,1369,0.0277423782,17667000,914.1,4988.5,47126,374.89
North Carolina,9767.348571,71485.31465,1983,44,2938,663,982,0.2256637168,0.3342409803,0.5547051276,0.729748128,0.2518720218,2938,740,0.01837985024,6082000,409.6,3774.1,48618,125.10
North Dakota,10986.67179,71485.31465,1983,25,2039,479,616,0.234919078,0.3021088769,0.5718106494,0.9519372241,0.01029916626,2039,21,0.03776360961,680000,53.7,2621.8,69001,9.85
Ohio,11789.35703,71485.31465,1983,15,5888,1401,1717,0.2379415761,0.2916100543,0.5447417455,0.8845108696,0.1066576087,5888,628,0.008831521739,10746000,397.9,4107.2,40861,262.99
Oklahoma,11684.71756,71485.31465,1983,16,2373,539,709,0.2271386431,0.2987779182,0.556489476,0.8891698272,0.06026127265,2373,143,0.05056890013,3298000,423.4,4505.7,68595,48.08
Oregon,11344.34941,71485.31465,1983,21,2022,425,592,0.2101879327,0.2927794263,0.5392560423,0.9515331355,0.01879327399,2022,38,0.0296735905,2662000,487.8,5763,95988,27.73
Pennsylvania,10653.41175,71485.31465,1983,33,6291,1254,2029,0.1993323796,0.322524241,0.5455601992,0.9031950405,0.08663169607,6291,545,0.01017326339,11895000,342.8,2852.6,44743,265.85
Rhode Island,10617.07435,71485.31465,1983,34,1498,301,438,0.2009345794,0.2923898531,0.5038293571,0.9759679573,0.01869158879,1498,28,0.005340453939,955000,355.2,4650.3,1034,923.60
South Carolina,8743.817915,71485.31465,1983,51,1837,475,596,0.2585737616,0.324442025,0.545446596,0.6663037561,0.324442025,1837,596,0.009254218835,3264000,616.8,4154.1,30061,108.58
South Dakota,9389.14755,71485.31465,1983,46,2405,609,733,0.2532224532,0.3047817048,0.5503210833,0.9355509356,0.003742203742,2405,9,0.06070686071,700000,120,2427.6,75811,9.23
Tennessee,9749.319956,71485.31465,1983,45,2370,551,847,0.2324894515,0.3573839662,0.572883481,0.8084388186,0.1801687764,2370,427,0.01139240506,4685000,402,3609.6,41235,113.62
Texas,11309.18092,71485.31465,1983,23,8965,2382,2705,0.2656999442,0.3017289459,0.5728164452,0.8880089236,0.09191299498,8965,824,0.02007808143,15724000,512.2,5395,261232,60.19
Utah,10637.20939,71485.31465,1983,32,2737,927,739,0.3386919985,0.2700036536,0.5574409347,0.9601753745,0.00219218122,2737,6,0.03763244428,1619000,256,4862,82170,19.70
Vermont,10050.06155,71485.31465,1983,41,1636,385,471,0.2353300733,0.2878973105,0.5119554103,0.989608802,0.002444987775,1636,4,0.007946210269,525000,132.6,4000.2,9217,56.96
Virginia,13049.36202,71485.31465,1983,5,2933,621,837,0.2117286055,0.2853733379,0.5501239339,0.7869076031,0.1974087965,2933,579,0.01568360041,5550000,292.5,3669,39490,140.54
Washington,12401.09484,71485.31465,1983,10,2356,574,627,0.2436332767,0.2661290323,0.5415367571,0.9299660441,0.03268251273,2356,77,0.03735144312,4300000,371.8,5706,66456,64.70
West Virginia,8880.638228,71485.31465,1983,49,1990,478,720,0.240201005,0.3618090452,0.583407128,0.972361809,0.02713567839,1990,54,0.0005025125628,1965000,171.8,2247.2,24038,81.75
Wisconsin,11770.9903,71485.31465,1983,17,2536,577,739,0.2275236593,0.2914037855,0.5366932572,0.9471608833,0.04298107256,2536,109,0.009858044164,4751000,190.9,4064.8,54158,87.72
Wyoming,12569.82982,71485.31465,1983,7,1559,372,407,0.2386144965,0.2610647851,0.5332014897,0.9743425273,0.006414368185,1559,10,0.01924310455,514000,237.2,3776.7,97093,5.29
